time, size
0.028364 , 28 
0.028121 , 56 
0.028002 , 112 
0.027791 , 224 
0.028468 , 456 
0.028620 , 912 
0.028757 , 2000 
0.028823 , 4000 
-0.000785 , 7000 
0.008886 , 10000 
-0.011185 , 10000 
0.028664 , 1000 
